Frequency,Amplitude
6.99759,0.49
7.99977,1.04
9.00030,0.53

