Frequency,Amplitude
6.99759,0.40
7.99894,1.39
9.00030,0.43
