Frequency,Amplitude
6.997959,1.30
9.00030,1.41


