Frequency,Amplitude
1.00136,0.56
2.99811,0.06
5.00083,0.02
6.99759,0.01
9.0003,0.01